epoch,loss,lr,val_loss,val_map,val_mpre,val_mrec
0,86.53778076171875,0.001,70.81866455078125,0.0,0.0,0.0
1,51.888214111328125,0.001,44.134613037109375,0.0003972555039026644,0.027895737,0.0046147616
2,32.64825439453125,0.001,27.967031478881836,0.007502846936851954,0.13397315,0.022315755
